{
  "project_info": {
    "project_number": "278555648958",
    "project_id": "android2finalproject-8df0e",
    "storage_bucket": "android2finalproject-8df0e.appspot.com"
  },
  "client": [
    {
      "client_info": {
        "mobilesdk_app_id": "1:278555648958:android:f2c4258495064b552b4fef",
        "android_client_info": {
          "package_name": "com.example.android2finalproject"
        }
      },
      "oauth_client": [
        {
          "client_id": "278555648958-uf5665lo7op38sr8e41okgm89gqud7se.apps.googleusercontent.com",
          "client_type": 3
        }
      ],
      "api_key": [
        {
          "current_key": "AIzaSyAAY4Evz6YN73oAn1Zym0z7uPQny1vQjxk"
        }
      ],
      "services": {
        "appinvite_service": {
          "other_platform_oauth_client": [
            {
              "client_id": "278555648958-uf5665lo7op38sr8e41okgm89gqud7se.apps.googleusercontent.com",
              "client_type": 3
            }
          ]
        }
      }
    }
  ],
  "configuration_version": "1"
}